Datetime,Open,High,Low,Close,Volume
2025-11-13 03:45:00+00:00,821.3499755859375,822.0,817.0999755859375,819.9000244140625,4667.0
2025-11-13 04:00:00+00:00,820.7000122070312,825.8499755859375,818.1500244140625,818.9000244140625,5842.0
2025-11-13 04:15:00+00:00,818.1500244140625,818.8499755859375,809.7999877929688,811.75,10944.0
2025-11-13 04:30:00+00:00,810.7999877929688,812.0,808.6500244140625,808.6500244140625,9197.0
2025-11-13 04:45:00+00:00,808.6500244140625,809.25,806.2000122070312,808.7000122070312,8079.0
2025-11-13 05:00:00+00:00,808.7000122070312,812.9000244140625,808.0999755859375,810.0,12452.0
2025-11-13 05:15:00+00:00,810.0,810.0,808.0,808.2999877929688,2041.0
2025-11-13 05:30:00+00:00,808.0,812.0,807.5499877929688,808.0,12109.0
2025-11-13 05:45:00+00:00,807.9500122070312,809.4000244140625,806.0999755859375,807.2000122070312,4799.0
2025-11-13 06:00:00+00:00,807.2000122070312,807.2000122070312,805.0,806.75,7925.0
2025-11-13 06:15:00+00:00,806.75,807.8499755859375,806.0499877929688,807.75,2203.0
2025-11-13 06:30:00+00:00,807.0,807.2000122070312,805.0,805.0,8598.0
2025-11-13 06:45:00+00:00,805.4500122070312,806.7000122070312,805.2000122070312,805.4500122070312,1275.0
2025-11-13 07:00:00+00:00,806.0,806.0,802.8499755859375,804.5,7240.0
2025-11-13 07:15:00+00:00,804.5,805.5999755859375,804.5,805.1500244140625,980.0
2025-11-13 07:30:00+00:00,805.0999755859375,806.4500122070312,804.5,804.5,4507.0
2025-11-13 07:45:00+00:00,804.5999755859375,807.0999755859375,804.0,806.2999877929688,3310.0
2025-11-13 08:00:00+00:00,806.4500122070312,809.4000244140625,804.0,806.4500122070312,5657.0
2025-11-13 08:15:00+00:00,805.2999877929688,805.2999877929688,803.0,804.0499877929688,3781.0
2025-11-13 08:30:00+00:00,804.0,805.8499755859375,803.7999877929688,805.8499755859375,7198.0
2025-11-13 08:45:00+00:00,805.75,806.2999877929688,804.5499877929688,805.5499877929688,2046.0
2025-11-13 09:00:00+00:00,805.0999755859375,807.0,801.7999877929688,802.9000244140625,12189.0
2025-11-13 09:15:00+00:00,802.7999877929688,804.2000122070312,802.25,803.7999877929688,3680.0
2025-11-13 09:30:00+00:00,803.7999877929688,808.0,801.1500244140625,801.6500244140625,13544.0
2025-11-13 09:45:00+00:00,801.8499755859375,807.4000244140625,800.7999877929688,802.7000122070312,14379.0
2025-11-14 03:45:00+00:00,805.3499755859375,805.3499755859375,801.0499877929688,802.6500244140625,1374.0
2025-11-14 04:00:00+00:00,802.6500244140625,807.6500244140625,802.0,803.5499877929688,7449.0
2025-11-14 04:15:00+00:00,803.4500122070312,806.0,801.8499755859375,802.7000122070312,5688.0
2025-11-14 04:30:00+00:00,802.7000122070312,802.7000122070312,800.0,802.2999877929688,3971.0
2025-11-14 04:45:00+00:00,802.2999877929688,802.2999877929688,798.0,798.25,9243.0
2025-11-14 05:00:00+00:00,798.0999755859375,798.0999755859375,795.0999755859375,795.7999877929688,6456.0
2025-11-14 05:15:00+00:00,795.7999877929688,795.7999877929688,794.0,794.75,3504.0
2025-11-14 05:30:00+00:00,794.75,796.7000122070312,794.7000122070312,796.0999755859375,3981.0
2025-11-14 05:45:00+00:00,796.0999755859375,796.6500244140625,790.75,794.7000122070312,8428.0
2025-11-14 06:00:00+00:00,794.6500244140625,795.0,793.4500122070312,794.7000122070312,3549.0
2025-11-14 06:15:00+00:00,794.3499755859375,798.2000122070312,794.3499755859375,795.5,5015.0
2025-11-14 06:30:00+00:00,795.25,796.25,794.1500244140625,795.5,949.0
2025-11-14 06:45:00+00:00,795.7000122070312,797.6500244140625,795.4500122070312,795.75,1921.0
2025-11-14 07:00:00+00:00,795.75,796.0,795.3499755859375,795.9500122070312,1555.0
2025-11-14 07:15:00+00:00,796.0,796.2999877929688,794.0,794.7000122070312,1883.0
2025-11-14 07:30:00+00:00,794.7000122070312,794.75,794.0,794.1500244140625,420.0
2025-11-14 07:45:00+00:00,794.2000122070312,796.5,793.0,794.0999755859375,4947.0
2025-11-14 08:00:00+00:00,794.0,795.0,792.0999755859375,794.0,5824.0
2025-11-14 08:15:00+00:00,794.0499877929688,794.4000244140625,791.6500244140625,791.6500244140625,3916.0
2025-11-14 08:30:00+00:00,791.75,792.7000122070312,791.2999877929688,792.5499877929688,1212.0
2025-11-14 08:45:00+00:00,792.5499877929688,793.0499877929688,792.0,793.0,3125.0
2025-11-14 09:00:00+00:00,793.0,793.6500244140625,792.0,792.1500244140625,2314.0
2025-11-14 09:15:00+00:00,792.4000244140625,795.2000122070312,792.4000244140625,794.6500244140625,3770.0
2025-11-14 09:30:00+00:00,795.5499877929688,800.0,794.0,794.5999755859375,14563.0
2025-11-14 09:45:00+00:00,794.7999877929688,798.5,794.0,794.0,11951.0
2025-11-17 03:45:00+00:00,794.75,801.3499755859375,791.2000122070312,796.0499877929688,7007.0
2025-11-17 04:00:00+00:00,796.0999755859375,797.6500244140625,794.6500244140625,795.0,5388.0
2025-11-17 04:15:00+00:00,795.5,796.0,794.7000122070312,795.0,1763.0
2025-11-17 04:30:00+00:00,794.9000244140625,795.4500122070312,792.5999755859375,795.0999755859375,4898.0
2025-11-17 04:45:00+00:00,795.0999755859375,796.7000122070312,794.1500244140625,796.0,4244.0
2025-11-17 05:00:00+00:00,796.0,796.1500244140625,794.0999755859375,794.1500244140625,703.0
2025-11-17 05:15:00+00:00,793.4500122070312,794.0,792.0,793.0,1296.0
2025-11-17 05:30:00+00:00,793.0,793.0,791.6500244140625,792.0,2036.0
2025-11-17 05:45:00+00:00,792.2000122070312,793.1500244140625,792.0,792.2000122070312,1044.0
2025-11-17 06:00:00+00:00,792.7999877929688,792.9500122070312,791.5,791.7000122070312,1324.0
2025-11-17 06:15:00+00:00,791.5,791.9500122070312,788.0,789.0999755859375,7756.0
2025-11-17 06:30:00+00:00,789.5499877929688,789.75,788.4500122070312,789.2000122070312,1492.0
2025-11-17 06:45:00+00:00,789.2999877929688,790.0499877929688,788.0,788.5,4265.0
2025-11-17 07:00:00+00:00,788.5,789.3499755859375,787.9000244140625,789.0999755859375,1479.0
2025-11-17 07:15:00+00:00,789.0999755859375,795.0999755859375,788.0499877929688,795.0999755859375,9673.0
2025-11-17 07:30:00+00:00,793.9500122070312,794.2000122070312,791.5,792.7999877929688,1901.0
2025-11-17 07:45:00+00:00,792.5999755859375,792.7999877929688,791.5,791.5999755859375,1012.0
2025-11-17 08:00:00+00:00,791.5999755859375,792.4500122070312,791.5,791.5,374.0
2025-11-17 08:15:00+00:00,791.5,792.4000244140625,789.3499755859375,790.2999877929688,2726.0
2025-11-17 08:30:00+00:00,789.5,790.75,789.4500122070312,789.6500244140625,812.0
2025-11-17 08:45:00+00:00,789.7000122070312,791.0,789.6500244140625,791.0,995.0
2025-11-17 09:00:00+00:00,791.0,791.5499877929688,789.0999755859375,789.0999755859375,2458.0
2025-11-17 09:15:00+00:00,789.4500122070312,790.2000122070312,789.0,789.5999755859375,2643.0
2025-11-17 09:30:00+00:00,789.0,791.9000244140625,789.0,790.8499755859375,6339.0
2025-11-17 09:45:00+00:00,790.9000244140625,791.2999877929688,789.0,789.0,9880.0
2025-11-18 03:45:00+00:00,793.5999755859375,794.0499877929688,778.25,778.2999877929688,12761.0
2025-11-18 04:00:00+00:00,778.5,780.0,776.2999877929688,778.1500244140625,10377.0
2025-11-18 04:15:00+00:00,778.1500244140625,779.0,775.0,775.0,5148.0
2025-11-18 04:30:00+00:00,775.0,776.0,767.0499877929688,768.4500122070312,21946.0
2025-11-18 04:45:00+00:00,769.1500244140625,771.0999755859375,767.9000244140625,771.0999755859375,5415.0
2025-11-18 05:00:00+00:00,771.0,773.5,770.7999877929688,771.0,3494.0
2025-11-18 05:15:00+00:00,771.0,773.0499877929688,771.0,772.9500122070312,1774.0
2025-11-18 05:30:00+00:00,772.9500122070312,774.75,771.5,771.8499755859375,4226.0
2025-11-18 05:45:00+00:00,771.5499877929688,773.9000244140625,771.0,771.0,3878.0
2025-11-18 06:00:00+00:00,771.0,774.5499877929688,771.0,774.4500122070312,7321.0
2025-11-18 06:15:00+00:00,774.9000244140625,775.5499877929688,769.9000244140625,769.9000244140625,19104.0
2025-11-18 06:30:00+00:00,769.4000244140625,770.9500122070312,767.9500122070312,769.5,13943.0
2025-11-18 06:45:00+00:00,770.0,771.0,768.7999877929688,770.25,9629.0
2025-11-18 07:00:00+00:00,770.2999877929688,770.5999755859375,769.0,769.9500122070312,1498.0
2025-11-18 07:15:00+00:00,768.7999877929688,770.0,768.7999877929688,769.7000122070312,1650.0
2025-11-18 07:30:00+00:00,769.7000122070312,770.8499755859375,768.2000122070312,769.5,3977.0
2025-11-18 07:45:00+00:00,769.4500122070312,770.5499877929688,768.5999755859375,768.7000122070312,1911.0
2025-11-18 08:00:00+00:00,769.4000244140625,769.4000244140625,767.6500244140625,768.6500244140625,1510.0
2025-11-18 08:15:00+00:00,767.7000122070312,769.3499755859375,765.0,765.0,13414.0
2025-11-18 08:30:00+00:00,765.0,766.9000244140625,763.0,766.4000244140625,5885.0
2025-11-18 08:45:00+00:00,767.0,768.5999755859375,766.0,766.0,7138.0
2025-11-18 09:00:00+00:00,765.9000244140625,766.7999877929688,764.0,764.8499755859375,5271.0
2025-11-18 09:15:00+00:00,765.0,766.2000122070312,764.2000122070312,764.2000122070312,5204.0
2025-11-18 09:30:00+00:00,764.3499755859375,765.5,763.0499877929688,763.5999755859375,8881.0
2025-11-18 09:45:00+00:00,763.5,766.1500244140625,763.0999755859375,764.2999877929688,11697.0
2025-11-19 03:45:00+00:00,760.5,764.2999877929688,760.5,762.0,2678.0
2025-11-19 04:00:00+00:00,761.4000244140625,764.2000122070312,758.2999877929688,758.2999877929688,4390.0
2025-11-19 04:15:00+00:00,758.1500244140625,759.8499755859375,757.2999877929688,757.3499755859375,4976.0
2025-11-19 04:30:00+00:00,757.3499755859375,761.6500244140625,757.3499755859375,760.0,2920.0
2025-11-19 04:45:00+00:00,760.3499755859375,764.0,760.25,761.4000244140625,2270.0
2025-11-19 05:00:00+00:00,761.4000244140625,762.75,760.2000122070312,761.25,1845.0
2025-11-19 05:15:00+00:00,761.25,761.25,759.0,760.25,1478.0
2025-11-19 05:30:00+00:00,760.2999877929688,760.2999877929688,758.0,758.0499877929688,1802.0
2025-11-19 05:45:00+00:00,758.4500122070312,760.0,757.0,759.5,1490.0
2025-11-19 06:00:00+00:00,759.75,763.7999877929688,758.75,763.7999877929688,1803.0
2025-11-19 06:15:00+00:00,764.5,764.5,762.5499877929688,763.0,2492.0
2025-11-19 06:30:00+00:00,763.7999877929688,776.2999877929688,763.7999877929688,775.0,9757.0
2025-11-19 06:45:00+00:00,775.7999877929688,785.0,774.0,783.3499755859375,16771.0
2025-11-19 07:00:00+00:00,783.4000244140625,784.5,779.4500122070312,780.2999877929688,7134.0
2025-11-19 07:15:00+00:00,781.5499877929688,782.25,778.9000244140625,780.0999755859375,4977.0
2025-11-19 07:30:00+00:00,780.5999755859375,782.5,776.9500122070312,781.0499877929688,4237.0
2025-11-19 07:45:00+00:00,780.7000122070312,780.9500122070312,778.0999755859375,778.9000244140625,1972.0
2025-11-19 08:00:00+00:00,778.7000122070312,779.8499755859375,778.0499877929688,779.75,1459.0
2025-11-19 08:15:00+00:00,779.0,779.0,777.5,778.9000244140625,775.0
2025-11-19 08:30:00+00:00,777.9000244140625,779.0,775.7000122070312,779.0,2648.0
2025-11-19 08:45:00+00:00,777.9500122070312,778.9500122070312,776.0999755859375,777.3499755859375,1943.0
2025-11-19 09:00:00+00:00,777.8499755859375,778.2999877929688,777.4000244140625,777.7999877929688,900.0
2025-11-19 09:15:00+00:00,777.0999755859375,778.0499877929688,776.7000122070312,776.9000244140625,1131.0
2025-11-19 09:30:00+00:00,777.2000122070312,782.0,777.2000122070312,781.0,5097.0
2025-11-19 09:45:00+00:00,781.0,786.0,780.6500244140625,782.2000122070312,11202.0
2025-11-20 03:45:00+00:00,784.25,787.5,781.0,781.0,1789.0
2025-11-20 04:00:00+00:00,781.0,781.3499755859375,771.0,771.2999877929688,5755.0
2025-11-20 04:15:00+00:00,771.2999877929688,771.2999877929688,760.0999755859375,764.2000122070312,22934.0
2025-11-20 04:30:00+00:00,764.2000122070312,764.2000122070312,761.0,763.9500122070312,11687.0
2025-11-20 04:45:00+00:00,763.9000244140625,763.9000244140625,762.9500122070312,763.7999877929688,2965.0
2025-11-20 05:00:00+00:00,763.7999877929688,763.9000244140625,762.0,762.0499877929688,2474.0
2025-11-20 05:15:00+00:00,762.0499877929688,764.4000244140625,762.0,762.0499877929688,5463.0
2025-11-20 05:30:00+00:00,762.8499755859375,763.0,759.0,759.9500122070312,11425.0
2025-11-20 05:45:00+00:00,759.5999755859375,760.0,757.25,757.9500122070312,6581.0
2025-11-20 06:00:00+00:00,757.9500122070312,759.75,757.1500244140625,759.75,4047.0
2025-11-20 06:15:00+00:00,759.8499755859375,760.4000244140625,754.6500244140625,757.2000122070312,14019.0
2025-11-20 06:30:00+00:00,757.2000122070312,757.9500122070312,756.2999877929688,757.0,2742.0
2025-11-20 06:45:00+00:00,757.5,759.4500122070312,757.0,758.0499877929688,3890.0
2025-11-20 07:00:00+00:00,758.0,758.0,756.2999877929688,757.5,2272.0
2025-11-20 07:15:00+00:00,756.8499755859375,758.4000244140625,754.9000244140625,755.9000244140625,5708.0
2025-11-20 07:30:00+00:00,755.9000244140625,756.8499755859375,755.2000122070312,755.7000122070312,1349.0
2025-11-20 07:45:00+00:00,755.5999755859375,757.5999755859375,755.0999755859375,757.0,2133.0
2025-11-20 08:00:00+00:00,756.4000244140625,756.7000122070312,754.2000122070312,754.5999755859375,8993.0
2025-11-20 08:15:00+00:00,754.2000122070312,755.0,750.5499877929688,754.75,13758.0
2025-11-20 08:30:00+00:00,754.1500244140625,755.2999877929688,750.25,753.6500244140625,11140.0
2025-11-20 08:45:00+00:00,753.7999877929688,755.9000244140625,751.0,755.9000244140625,8828.0
2025-11-20 09:00:00+00:00,755.9000244140625,756.25,752.0,753.0,3852.0
2025-11-20 09:15:00+00:00,753.0,757.7000122070312,752.0,756.5499877929688,8691.0
2025-11-20 09:30:00+00:00,756.5499877929688,757.4500122070312,753.0499877929688,753.7000122070312,7818.0
2025-11-20 09:45:00+00:00,753.75,756.9500122070312,753.4000244140625,755.5,19019.0
2025-11-21 03:45:00+00:00,756.0,759.7999877929688,751.6500244140625,757.1500244140625,8471.0
2025-11-21 04:00:00+00:00,757.0,760.5499877929688,756.25,757.3499755859375,6147.0
2025-11-21 04:15:00+00:00,757.3499755859375,757.3499755859375,753.5499877929688,754.9500122070312,6479.0
2025-11-21 04:30:00+00:00,755.0999755859375,760.4500122070312,754.0,757.7999877929688,8291.0
2025-11-21 04:45:00+00:00,758.0999755859375,758.7999877929688,753.5499877929688,753.5499877929688,5103.0
2025-11-21 05:00:00+00:00,753.5,753.75,747.0,747.0,12409.0
2025-11-21 05:15:00+00:00,747.0,751.0499877929688,745.0,748.4500122070312,10778.0
2025-11-21 05:30:00+00:00,748.4500122070312,750.4500122070312,748.0,749.0,1949.0
2025-11-21 05:45:00+00:00,749.0999755859375,749.3499755859375,747.0,748.4000244140625,1457.0
2025-11-21 06:00:00+00:00,748.4000244140625,749.0499877929688,747.75,749.0,1774.0
2025-11-21 06:15:00+00:00,749.0499877929688,749.0499877929688,745.0999755859375,747.5,2857.0
2025-11-21 06:30:00+00:00,746.5499877929688,747.5,745.3499755859375,747.0499877929688,3155.0
2025-11-21 06:45:00+00:00,747.0499877929688,748.75,746.0999755859375,748.75,1649.0
2025-11-21 07:00:00+00:00,748.75,749.0499877929688,747.5,748.4000244140625,844.0
2025-11-21 07:15:00+00:00,748.3499755859375,750.8499755859375,747.3499755859375,750.75,1364.0
2025-11-21 07:30:00+00:00,751.0999755859375,752.5,749.7999877929688,750.2999877929688,3190.0
2025-11-21 07:45:00+00:00,750.3499755859375,755.7000122070312,749.4500122070312,751.0999755859375,5451.0
2025-11-21 08:00:00+00:00,751.0,753.9500122070312,751.0,751.5,1441.0
2025-11-21 08:15:00+00:00,751.0499877929688,752.0999755859375,750.2000122070312,751.2000122070312,1099.0
2025-11-21 08:30:00+00:00,750.8499755859375,754.3499755859375,750.8499755859375,754.3499755859375,3216.0
2025-11-21 08:45:00+00:00,753.8499755859375,755.3499755859375,752.5499877929688,752.5999755859375,2613.0
2025-11-21 09:00:00+00:00,752.5999755859375,753.5999755859375,751.5999755859375,752.5,2441.0
2025-11-21 09:15:00+00:00,752.0,752.7999877929688,744.0,747.0499877929688,30274.0
2025-11-21 09:30:00+00:00,745.6500244140625,745.7999877929688,743.4500122070312,744.2000122070312,3220.0
2025-11-21 09:45:00+00:00,744.75,745.9000244140625,738.2000122070312,739.9000244140625,21736.0
2025-11-24 03:45:00+00:00,742.0499877929688,742.0499877929688,733.7999877929688,734.7000122070312,8619.0
2025-11-24 04:00:00+00:00,734.4500122070312,734.4500122070312,729.0499877929688,731.0999755859375,7269.0
2025-11-24 04:15:00+00:00,732.0999755859375,732.2000122070312,729.0999755859375,730.5,4420.0
2025-11-24 04:30:00+00:00,730.8499755859375,731.75,728.25,728.7999877929688,7998.0
2025-11-24 04:45:00+00:00,728.7999877929688,729.25,726.5,727.0,6775.0
2025-11-24 05:00:00+00:00,727.0,729.5,726.5999755859375,729.5,2653.0
2025-11-24 05:15:00+00:00,729.9500122070312,732.9000244140625,728.9500122070312,731.0499877929688,4766.0
2025-11-24 05:30:00+00:00,731.0999755859375,731.0999755859375,728.7999877929688,729.0499877929688,1399.0
2025-11-24 05:45:00+00:00,729.0,731.5,728.5,731.5,3095.0
2025-11-24 06:00:00+00:00,731.5,732.1500244140625,730.0,730.6500244140625,1916.0
2025-11-24 06:15:00+00:00,731.0999755859375,731.9000244140625,728.5,729.1500244140625,1653.0
2025-11-24 06:30:00+00:00,729.1500244140625,729.7999877929688,727.7999877929688,728.0499877929688,1459.0
2025-11-24 06:45:00+00:00,728.0,731.6500244140625,727.7999877929688,730.1500244140625,3506.0
2025-11-24 07:00:00+00:00,730.0,732.3499755859375,728.0,731.3499755859375,1483.0
2025-11-24 07:15:00+00:00,731.3499755859375,732.25,730.0499877929688,731.5499877929688,1359.0
2025-11-24 07:30:00+00:00,731.5499877929688,732.5,731.0,731.4000244140625,4513.0
2025-11-24 07:45:00+00:00,731.3499755859375,732.8499755859375,731.0499877929688,732.4000244140625,2160.0
2025-11-24 08:00:00+00:00,732.0,734.2999877929688,732.0,733.9500122070312,3445.0
2025-11-24 08:15:00+00:00,733.9500122070312,734.8499755859375,732.5499877929688,734.7000122070312,3271.0
2025-11-24 08:30:00+00:00,734.7000122070312,736.5,733.2000122070312,736.5,7219.0
2025-11-24 08:45:00+00:00,736.5,736.5,733.5,733.9500122070312,8348.0
2025-11-24 09:00:00+00:00,733.8499755859375,733.9500122070312,730.0,731.3499755859375,7785.0
2025-11-24 09:15:00+00:00,730.7999877929688,732.4000244140625,729.9000244140625,731.0,8239.0
2025-11-24 09:30:00+00:00,731.0,735.9500122070312,731.0,735.5,8500.0
2025-11-24 09:45:00+00:00,735.5,740.0,732.4500122070312,739.9500122070312,12913.0
2025-11-25 03:45:00+00:00,737.25,737.25,722.0499877929688,727.9500122070312,10298.0
2025-11-25 04:00:00+00:00,728.0,728.0,723.0,724.4500122070312,6981.0
2025-11-25 04:15:00+00:00,723.25,728.0,719.9500122070312,722.0,19852.0
2025-11-25 04:30:00+00:00,721.9500122070312,723.0499877929688,720.4500122070312,721.0499877929688,5500.0
2025-11-25 04:45:00+00:00,720.0,721.3499755859375,718.0,721.3499755859375,11668.0
2025-11-25 05:00:00+00:00,719.7000122070312,721.7999877929688,717.5,717.75,4333.0
2025-11-25 05:15:00+00:00,717.5999755859375,717.5999755859375,713.5,714.2999877929688,10923.0
2025-11-25 05:30:00+00:00,714.0,716.1500244140625,714.0,715.8499755859375,6314.0
2025-11-25 05:45:00+00:00,716.0,717.2999877929688,713.9500122070312,716.75,5952.0
2025-11-25 06:00:00+00:00,716.75,716.75,713.0999755859375,714.0999755859375,5796.0
2025-11-25 06:15:00+00:00,713.8499755859375,718.9500122070312,713.5,716.4500122070312,6137.0
2025-11-25 06:30:00+00:00,716.0,716.25,710.0,711.9500122070312,28691.0
2025-11-25 06:45:00+00:00,712.0,712.7999877929688,708.7999877929688,710.0,7545.0
2025-11-25 07:00:00+00:00,709.9500122070312,722.9000244140625,709.5999755859375,721.6500244140625,27988.0
2025-11-25 07:15:00+00:00,722.7000122070312,723.2999877929688,720.0,721.3499755859375,7604.0
2025-11-25 07:30:00+00:00,722.2999877929688,723.0,720.0,723.0,4095.0
2025-11-25 07:45:00+00:00,722.4000244140625,722.4000244140625,720.75,721.3499755859375,1193.0
2025-11-25 08:00:00+00:00,721.25,721.25,720.0,720.0,1230.0
2025-11-25 08:15:00+00:00,720.0,720.3499755859375,715.0999755859375,716.7999877929688,6593.0
2025-11-25 08:30:00+00:00,717.0,717.0,712.9500122070312,714.25,8050.0
2025-11-25 08:45:00+00:00,714.7000122070312,716.0,712.9000244140625,713.5,3107.0
2025-11-25 09:00:00+00:00,713.5,715.0,712.5999755859375,713.7999877929688,6159.0
2025-11-25 09:15:00+00:00,713.75,716.0,712.0,712.9000244140625,7619.0
2025-11-25 09:30:00+00:00,713.0,715.2000122070312,712.3499755859375,714.0999755859375,6268.0
2025-11-25 09:45:00+00:00,714.0,715.7999877929688,712.5,714.0499877929688,16381.0
2025-11-26 03:45:00+00:00,720.0,726.4000244140625,715.8499755859375,725.1500244140625,5696.0
2025-11-26 04:00:00+00:00,724.9500122070312,725.2000122070312,718.4000244140625,720.3499755859375,7784.0
2025-11-26 04:15:00+00:00,720.5,728.0499877929688,720.5,723.9000244140625,10859.0
2025-11-26 04:30:00+00:00,723.9000244140625,731.9000244140625,723.9000244140625,729.4500122070312,9037.0
2025-11-26 04:45:00+00:00,729.4500122070312,733.9500122070312,729.4000244140625,730.7000122070312,12455.0
2025-11-26 05:00:00+00:00,731.4500122070312,734.7000122070312,724.5999755859375,725.9500122070312,12297.0
2025-11-26 05:15:00+00:00,726.4500122070312,730.0,726.4500122070312,728.0,7241.0
2025-11-26 05:30:00+00:00,727.5,727.5,724.0,727.4000244140625,8688.0
2025-11-26 05:45:00+00:00,727.5,728.4000244140625,724.0,724.9500122070312,7078.0
2025-11-26 06:00:00+00:00,725.0,726.0,724.25,724.8499755859375,3398.0
2025-11-26 06:15:00+00:00,725.4000244140625,726.0,724.8499755859375,725.0,2416.0
2025-11-26 06:30:00+00:00,724.8499755859375,729.9000244140625,724.7000122070312,728.9000244140625,7466.0
2025-11-26 06:45:00+00:00,728.9000244140625,728.9000244140625,727.0,727.7999877929688,4234.0
2025-11-26 07:00:00+00:00,727.7999877929688,728.0,724.25,724.5999755859375,6396.0
2025-11-26 07:15:00+00:00,725.0,725.0,721.0,721.0,6264.0
2025-11-26 07:30:00+00:00,721.3499755859375,725.9500122070312,721.0499877929688,724.0,7007.0
2025-11-26 07:45:00+00:00,723.9500122070312,725.25,722.0,724.1500244140625,10980.0
2025-11-26 08:00:00+00:00,724.1500244140625,726.9500122070312,723.4500122070312,726.75,2671.0
2025-11-26 08:15:00+00:00,726.5499877929688,729.9500122070312,726.0,729.0499877929688,4403.0
2025-11-26 08:30:00+00:00,729.6500244140625,731.5499877929688,728.0,730.2999877929688,4193.0
2025-11-26 08:45:00+00:00,730.7000122070312,731.6500244140625,730.5,731.4500122070312,1678.0
2025-11-26 09:00:00+00:00,731.4500122070312,731.4500122070312,729.7999877929688,730.0,1965.0
2025-11-26 09:15:00+00:00,730.0,731.0,729.0999755859375,729.9000244140625,3697.0
2025-11-26 09:30:00+00:00,729.9000244140625,734.5499877929688,729.5,733.75,10314.0
2025-11-26 09:45:00+00:00,733.25,739.0,732.25,733.2000122070312,12597.0
2025-11-27 03:45:00+00:00,736.8499755859375,738.9000244140625,731.3499755859375,732.9000244140625,5812.0
2025-11-27 04:00:00+00:00,734.3499755859375,734.4500122070312,728.9500122070312,730.4500122070312,5498.0
2025-11-27 04:15:00+00:00,730.4500122070312,731.4000244140625,728.5499877929688,729.0,2106.0
2025-11-27 04:30:00+00:00,728.6500244140625,730.0499877929688,726.7000122070312,727.8499755859375,5848.0
2025-11-27 04:45:00+00:00,728.4500122070312,729.1500244140625,723.5,723.5499877929688,5684.0
2025-11-27 05:00:00+00:00,723.75,725.0999755859375,721.0,721.4500122070312,11311.0
2025-11-27 05:15:00+00:00,721.4000244140625,722.5999755859375,719.7000122070312,720.5,15764.0
2025-11-27 05:30:00+00:00,719.5,719.5999755859375,715.0,715.75,20022.0
2025-11-27 05:45:00+00:00,716.1500244140625,717.9000244140625,714.4500122070312,714.9500122070312,13435.0
2025-11-27 06:00:00+00:00,714.9500122070312,714.9500122070312,712.0499877929688,713.2999877929688,9633.0
2025-11-27 06:15:00+00:00,713.0999755859375,714.4500122070312,712.0,712.0,12160.0
2025-11-27 06:30:00+00:00,712.9000244140625,713.25,711.1500244140625,712.4500122070312,7232.0
2025-11-27 06:45:00+00:00,712.9000244140625,713.0,711.5,711.75,5533.0
2025-11-27 07:00:00+00:00,711.5499877929688,711.5499877929688,709.0,710.9500122070312,15746.0
2025-11-27 07:15:00+00:00,710.9500122070312,711.2000122070312,708.3499755859375,711.1500244140625,10572.0
2025-11-27 07:30:00+00:00,711.5999755859375,712.25,711.0,712.0999755859375,2092.0
2025-11-27 07:45:00+00:00,711.7999877929688,711.7999877929688,709.5499877929688,710.9500122070312,3218.0
2025-11-27 08:00:00+00:00,709.7999877929688,712.75,709.4000244140625,711.7999877929688,7855.0
2025-11-27 08:15:00+00:00,711.8499755859375,713.0,711.0999755859375,713.0,2408.0
2025-11-27 08:30:00+00:00,712.0,720.9500122070312,712.0,718.5,22884.0
2025-11-27 08:45:00+00:00,718.4000244140625,719.1500244140625,717.25,717.9500122070312,2161.0
2025-11-27 09:00:00+00:00,718.0,719.5,717.0499877929688,717.9000244140625,9109.0
2025-11-27 09:15:00+00:00,717.7000122070312,718.1500244140625,716.5499877929688,717.2000122070312,3461.0
2025-11-27 09:30:00+00:00,717.0,721.8499755859375,717.0,720.0499877929688,20478.0
2025-11-27 09:45:00+00:00,720.2000122070312,720.5,717.0,719.0,14788.0
2025-11-28 03:45:00+00:00,717.0,718.5,715.0,716.5,3998.0
2025-11-28 04:00:00+00:00,716.4500122070312,719.0999755859375,716.0,716.25,4063.0
2025-11-28 04:15:00+00:00,716.6500244140625,719.5999755859375,716.2999877929688,717.1500244140625,4225.0
2025-11-28 04:30:00+00:00,717.5499877929688,722.0,717.5499877929688,721.7000122070312,2707.0
2025-11-28 04:45:00+00:00,721.5,721.7000122070312,718.2999877929688,721.7000122070312,3175.0
2025-11-28 05:00:00+00:00,721.7000122070312,723.8499755859375,720.4500122070312,722.9000244140625,4639.0
2025-11-28 05:15:00+00:00,722.9000244140625,726.4500122070312,721.0999755859375,721.5499877929688,4164.0
2025-11-28 05:30:00+00:00,721.7999877929688,723.1500244140625,721.1500244140625,722.5999755859375,760.0
2025-11-28 05:45:00+00:00,722.5999755859375,723.5999755859375,722.0499877929688,723.5999755859375,822.0
2025-11-28 06:00:00+00:00,723.5999755859375,723.5999755859375,717.2000122070312,717.2000122070312,3729.0
2025-11-28 06:15:00+00:00,717.0499877929688,718.9500122070312,715.0999755859375,718.9000244140625,2877.0
2025-11-28 06:30:00+00:00,718.4000244140625,718.4000244140625,717.2000122070312,717.2000122070312,879.0
2025-11-28 06:45:00+00:00,717.5,718.0,717.2000122070312,718.0,589.0
2025-11-28 07:00:00+00:00,718.0,719.0,716.5499877929688,717.25,1679.0
2025-11-28 07:15:00+00:00,717.25,717.25,716.2000122070312,716.5999755859375,134.0
2025-11-28 07:30:00+00:00,716.5999755859375,718.7999877929688,716.3499755859375,716.75,1317.0
2025-11-28 07:45:00+00:00,717.1500244140625,717.2999877929688,716.0,716.7000122070312,1315.0
2025-11-28 08:00:00+00:00,716.7000122070312,718.75,716.7000122070312,717.0,1629.0
2025-11-28 08:15:00+00:00,717.4500122070312,719.0,716.5999755859375,719.0,1772.0
2025-11-28 08:30:00+00:00,719.1500244140625,719.1500244140625,717.0,717.0,1295.0
2025-11-28 08:45:00+00:00,717.0499877929688,717.0499877929688,716.0,716.4500122070312,968.0
2025-11-28 09:00:00+00:00,716.4500122070312,717.4500122070312,716.1500244140625,716.9500122070312,328.0
2025-11-28 09:15:00+00:00,717.0999755859375,717.75,716.25,716.25,733.0
2025-11-28 09:30:00+00:00,716.2000122070312,719.0,715.8499755859375,716.2000122070312,3482.0
2025-11-28 09:45:00+00:00,716.2000122070312,719.0,715.0,716.3499755859375,6460.0
2025-12-01 03:45:00+00:00,719.9000244140625,721.7999877929688,717.0,721.7000122070312,10749.0
2025-12-01 04:00:00+00:00,721.7000122070312,724.5,718.5499877929688,722.4500122070312,7390.0
2025-12-01 04:15:00+00:00,722.5,723.8499755859375,720.0,720.7000122070312,4841.0
2025-12-01 04:30:00+00:00,721.2000122070312,723.9500122070312,720.0499877929688,723.0,3284.0
2025-12-01 04:45:00+00:00,723.75,726.0,723.75,725.0,6959.0
2025-12-01 05:00:00+00:00,725.0,726.0,721.7000122070312,723.0,2685.0
2025-12-01 05:15:00+00:00,723.0,723.9000244140625,721.5,721.5,1541.0
2025-12-01 05:30:00+00:00,722.0499877929688,723.7000122070312,721.0,723.7000122070312,1505.0
2025-12-01 05:45:00+00:00,722.75,723.9500122070312,721.3499755859375,722.5499877929688,1369.0
2025-12-01 06:00:00+00:00,722.9500122070312,722.9500122070312,720.5999755859375,720.5999755859375,925.0
2025-12-01 06:15:00+00:00,720.9500122070312,720.9500122070312,718.0,718.5,4381.0
2025-12-01 06:30:00+00:00,719.0,719.3499755859375,718.0999755859375,719.0999755859375,756.0
2025-12-01 06:45:00+00:00,718.0999755859375,718.75,717.0,718.0,916.0
2025-12-01 07:00:00+00:00,718.0499877929688,718.7000122070312,717.25,717.9500122070312,849.0
2025-12-01 07:15:00+00:00,718.0999755859375,718.9500122070312,717.7000122070312,718.9500122070312,686.0
2025-12-01 07:30:00+00:00,718.9500122070312,719.7000122070312,717.75,718.5,2049.0
2025-12-01 07:45:00+00:00,718.25,719.0,716.25,716.25,1738.0
2025-12-01 08:00:00+00:00,716.25,717.4500122070312,716.0999755859375,717.2000122070312,1010.0
2025-12-01 08:15:00+00:00,717.2000122070312,720.0999755859375,716.0,718.9500122070312,4705.0
2025-12-01 08:30:00+00:00,718.75,719.3499755859375,718.0,718.75,442.0
2025-12-01 08:45:00+00:00,718.75,719.25,718.0,718.0,1624.0
2025-12-01 09:00:00+00:00,718.0,719.0,716.0,716.2999877929688,1756.0
2025-12-01 09:15:00+00:00,716.0499877929688,717.0,715.0999755859375,716.0,2010.0
2025-12-01 09:30:00+00:00,715.2000122070312,717.9000244140625,715.2000122070312,716.3499755859375,3453.0
2025-12-01 09:45:00+00:00,716.3499755859375,723.0,715.0,720.9000244140625,9475.0
2025-12-02 03:45:00+00:00,716.6500244140625,726.0,716.6500244140625,724.4500122070312,6445.0
2025-12-02 04:00:00+00:00,723.5499877929688,723.5499877929688,720.0499877929688,720.5999755859375,3098.0
2025-12-02 04:15:00+00:00,720.0,721.0,718.5,721.0,2748.0
2025-12-02 04:30:00+00:00,720.2000122070312,723.8499755859375,720.2000122070312,722.5,2709.0
2025-12-02 04:45:00+00:00,721.8499755859375,726.4000244140625,721.7999877929688,723.1500244140625,6158.0
2025-12-02 05:00:00+00:00,723.3499755859375,725.0,723.3499755859375,723.5499877929688,2302.0
2025-12-02 05:15:00+00:00,723.5,725.5499877929688,722.2000122070312,724.0999755859375,2377.0
2025-12-02 05:30:00+00:00,724.0999755859375,724.0999755859375,722.2000122070312,722.4500122070312,1277.0
2025-12-02 05:45:00+00:00,722.4000244140625,732.2000122070312,722.0,732.2000122070312,11683.0
2025-12-02 06:00:00+00:00,733.0,735.7000122070312,731.2999877929688,734.25,12966.0
2025-12-02 06:15:00+00:00,734.25,734.6500244140625,732.0499877929688,733.25,7173.0
2025-12-02 06:30:00+00:00,732.9500122070312,737.0499877929688,731.5999755859375,735.6500244140625,22985.0
2025-12-02 06:45:00+00:00,735.0,735.9000244140625,732.0499877929688,734.4500122070312,6483.0
2025-12-02 07:00:00+00:00,733.5499877929688,734.8499755859375,730.75,730.75,4858.0
2025-12-02 07:15:00+00:00,731.0,732.3499755859375,729.5999755859375,729.7999877929688,5662.0
2025-12-02 07:30:00+00:00,730.7999877929688,731.4500122070312,729.7999877929688,730.0,973.0
2025-12-02 07:45:00+00:00,730.0499877929688,737.75,727.7000122070312,737.7000122070312,23565.0
2025-12-02 08:00:00+00:00,737.75,743.0,735.0,741.0999755859375,23678.0
2025-12-02 08:15:00+00:00,739.6500244140625,741.4000244140625,736.5499877929688,741.0,15135.0
2025-12-02 08:30:00+00:00,740.5499877929688,740.5499877929688,736.25,740.2999877929688,7864.0
2025-12-02 08:45:00+00:00,740.2999877929688,744.7000122070312,740.2999877929688,742.0,24537.0
2025-12-02 09:00:00+00:00,743.0,747.9000244140625,742.0499877929688,746.0999755859375,48419.0
2025-12-02 09:15:00+00:00,746.0,750.8499755859375,745.6500244140625,746.5999755859375,51057.0
2025-12-02 09:30:00+00:00,747.0,754.7999877929688,747.0,752.9500122070312,80294.0
2025-12-02 09:45:00+00:00,752.0499877929688,755.0,748.0,750.7000122070312,71783.0
2025-12-03 03:45:00+00:00,753.0499877929688,764.0,748.0,762.1500244140625,57100.0
2025-12-03 04:00:00+00:00,762.9000244140625,781.0,762.0,779.7000122070312,136174.0
2025-12-03 04:15:00+00:00,780.4500122070312,782.7999877929688,765.1500244140625,769.2000122070312,187094.0
2025-12-03 04:30:00+00:00,769.0,774.3499755859375,767.1500244140625,770.0,48160.0
2025-12-03 04:45:00+00:00,770.75,774.2000122070312,769.0,774.2000122070312,40166.0
2025-12-03 05:00:00+00:00,773.75,775.5,768.0999755859375,768.9500122070312,71153.0
2025-12-03 05:15:00+00:00,768.0999755859375,769.2999877929688,765.0499877929688,767.5499877929688,29219.0
2025-12-03 05:30:00+00:00,767.5499877929688,768.8499755859375,762.25,766.0,29039.0
2025-12-03 05:45:00+00:00,766.0,766.8499755859375,762.2999877929688,764.0999755859375,8500.0
2025-12-03 06:00:00+00:00,764.0999755859375,764.9500122070312,762.5,763.1500244140625,9061.0
2025-12-03 06:15:00+00:00,763.0,765.9000244140625,762.5,765.0,8634.0
2025-12-03 06:30:00+00:00,765.7999877929688,766.9000244140625,763.2000122070312,766.9000244140625,7469.0
2025-12-03 06:45:00+00:00,766.2999877929688,768.0,765.0,766.4500122070312,7977.0
2025-12-03 07:00:00+00:00,766.2999877929688,766.4500122070312,758.4000244140625,759.0,19707.0
2025-12-03 07:15:00+00:00,759.25,764.75,757.0,762.2000122070312,13539.0
2025-12-03 07:30:00+00:00,762.5499877929688,763.5499877929688,761.25,761.75,3442.0
2025-12-03 07:45:00+00:00,761.2999877929688,762.6500244140625,761.0,761.6500244140625,305431.0
2025-12-03 08:00:00+00:00,761.5999755859375,762.6500244140625,761.0,761.6500244140625,2949.0
2025-12-03 08:15:00+00:00,761.6500244140625,763.6500244140625,761.0,761.0499877929688,2135.0
2025-12-03 08:30:00+00:00,761.2000122070312,764.7000122070312,761.0,764.7000122070312,7183.0
2025-12-03 08:45:00+00:00,763.7000122070312,766.7000122070312,762.6500244140625,765.6500244140625,9203.0
2025-12-03 09:00:00+00:00,766.0,773.8499755859375,764.5999755859375,771.9500122070312,33611.0
2025-12-03 09:15:00+00:00,772.0499877929688,772.4000244140625,765.7999877929688,767.2000122070312,13856.0
2025-12-03 09:30:00+00:00,775.0,777.2999877929688,773.75,775.0,42172.0
2025-12-03 09:45:00+00:00,774.75,775.7999877929688,769.0,773.7999877929688,32010.0
2025-12-04 03:45:00+00:00,769.2000122070312,771.9000244140625,764.4000244140625,767.9500122070312,5184.0
2025-12-04 04:00:00+00:00,767.5999755859375,771.9000244140625,767.3499755859375,769.2999877929688,11959.0
2025-12-04 04:15:00+00:00,769.2999877929688,770.0499877929688,766.2999877929688,766.3499755859375,5387.0
2025-12-04 04:30:00+00:00,766.3499755859375,767.0,765.0,766.2999877929688,3816.0
2025-12-04 04:45:00+00:00,766.4000244140625,768.0,764.0,764.0,12180.0
2025-12-04 05:00:00+00:00,763.5,765.7999877929688,762.7999877929688,764.5,6496.0
2025-12-04 05:15:00+00:00,764.9000244140625,765.0,760.2000122070312,760.7999877929688,5070.0
2025-12-04 05:30:00+00:00,761.0,761.7999877929688,758.0,759.75,6501.0
2025-12-04 05:45:00+00:00,760.1500244140625,760.9500122070312,758.8499755859375,760.2999877929688,2882.0
2025-12-04 06:00:00+00:00,760.9000244140625,760.9000244140625,759.0,759.0,2461.0
2025-12-04 06:15:00+00:00,759.0,760.0,758.25,759.7999877929688,2894.0
2025-12-04 06:30:00+00:00,759.2000122070312,760.5999755859375,758.6500244140625,760.5999755859375,1788.0
2025-12-04 06:45:00+00:00,760.0,760.0999755859375,758.0999755859375,759.0,2526.0
2025-12-04 07:00:00+00:00,759.4000244140625,759.5,758.5,759.4000244140625,2825.0
2025-12-04 07:15:00+00:00,759.0999755859375,759.5,758.2000122070312,759.0,6684.0
2025-12-04 07:30:00+00:00,758.7999877929688,759.2000122070312,758.75,759.2000122070312,7478.0
2025-12-04 07:45:00+00:00,759.0,759.1500244140625,756.5999755859375,756.8499755859375,8094.0
2025-12-04 08:00:00+00:00,756.8499755859375,757.0,752.4500122070312,753.0999755859375,13829.0
2025-12-04 08:15:00+00:00,753.0999755859375,755.5,751.1500244140625,755.5,12118.0
2025-12-04 08:30:00+00:00,754.5999755859375,757.2999877929688,754.0499877929688,756.0,5438.0
2025-12-04 08:45:00+00:00,756.0,757.4000244140625,756.0,757.0,2721.0
2025-12-04 09:00:00+00:00,757.0,758.4000244140625,755.0,755.0,3353.0
2025-12-04 09:15:00+00:00,755.0,758.2999877929688,753.5,757.0999755859375,3656.0
2025-12-04 09:30:00+00:00,757.6500244140625,764.9500122070312,757.0,764.9500122070312,13818.0
2025-12-04 09:45:00+00:00,764.9000244140625,765.7000122070312,762.0,764.9000244140625,14102.0
2025-12-05 03:45:00+00:00,760.25,761.0999755859375,747.75,751.2999877929688,4619.0
2025-12-05 04:00:00+00:00,751.75,754.0,750.0,753.3499755859375,4759.0
2025-12-05 04:15:00+00:00,753.3499755859375,754.4500122070312,752.0,753.5,4501.0
2025-12-05 04:30:00+00:00,752.9000244140625,759.5,752.6500244140625,759.5,7184.0
2025-12-05 04:45:00+00:00,759.5,763.0999755859375,759.0,761.25,8282.0
2025-12-05 05:00:00+00:00,761.0999755859375,764.4000244140625,760.7000122070312,764.25,3558.0
2025-12-05 05:15:00+00:00,764.5499877929688,764.5499877929688,761.25,761.75,4120.0
2025-12-05 05:30:00+00:00,761.8499755859375,764.8499755859375,760.9500122070312,764.8499755859375,2744.0
2025-12-05 05:45:00+00:00,764.5,766.75,760.5,763.0499877929688,7053.0
2025-12-05 06:00:00+00:00,762.0999755859375,766.7000122070312,761.25,766.7000122070312,3221.0
2025-12-05 06:15:00+00:00,766.6500244140625,773.5,766.0,770.0,19249.0
2025-12-05 06:30:00+00:00,770.1500244140625,774.0,770.0499877929688,770.7999877929688,14971.0
2025-12-05 06:45:00+00:00,770.2999877929688,770.75,762.0,766.4000244140625,18261.0
2025-12-05 07:00:00+00:00,766.6500244140625,770.75,765.4000244140625,770.25,128064.0
2025-12-05 07:15:00+00:00,770.2999877929688,770.9500122070312,768.8499755859375,770.3499755859375,3250.0
2025-12-05 07:30:00+00:00,770.2999877929688,770.3499755859375,760.1500244140625,762.7000122070312,7804.0
2025-12-05 07:45:00+00:00,763.0,763.0,752.2000122070312,760.0,24643.0
2025-12-05 08:00:00+00:00,760.0499877929688,764.0499877929688,755.0,756.2999877929688,77543.0
2025-12-05 08:15:00+00:00,759.2000122070312,760.5499877929688,755.5,757.0499877929688,5280.0
2025-12-05 08:30:00+00:00,757.4000244140625,758.8499755859375,750.6500244140625,750.7000122070312,7233.0
2025-12-05 08:45:00+00:00,750.75,752.0,748.75,749.25,4654.0
2025-12-05 09:00:00+00:00,749.75,749.75,744.2999877929688,745.6500244140625,10801.0
2025-12-05 09:15:00+00:00,745.8499755859375,750.0499877929688,742.0,742.6500244140625,26131.0
2025-12-05 09:30:00+00:00,743.0,754.7999877929688,743.0,753.25,33632.0
2025-12-05 09:45:00+00:00,755.3499755859375,764.9500122070312,755.3499755859375,764.9500122070312,45973.0
2025-12-08 03:45:00+00:00,755.7000122070312,761.9000244140625,752.0999755859375,761.3499755859375,5367.0
2025-12-08 04:00:00+00:00,760.9500122070312,761.9000244140625,750.6500244140625,753.25,6870.0
2025-12-08 04:15:00+00:00,752.2999877929688,752.2999877929688,743.75,743.75,7977.0
2025-12-08 04:30:00+00:00,744.3499755859375,752.9000244140625,744.3499755859375,750.5,6745.0
2025-12-08 04:45:00+00:00,750.5,750.9000244140625,747.0499877929688,750.0999755859375,14693.0
2025-12-08 05:00:00+00:00,750.0,755.0,748.25,753.5499877929688,6772.0
2025-12-08 05:15:00+00:00,754.3499755859375,754.3499755859375,747.5999755859375,751.4000244140625,61867.0
2025-12-08 05:30:00+00:00,751.3499755859375,752.25,750.8499755859375,750.9500122070312,53031.0
2025-12-08 05:45:00+00:00,750.9500122070312,753.4500122070312,749.8499755859375,753.1500244140625,4714.0
2025-12-08 06:00:00+00:00,753.2000122070312,753.2000122070312,751.0,751.6500244140625,3695.0
2025-12-08 06:15:00+00:00,751.0999755859375,751.6500244140625,751.0,751.3499755859375,2739.0
2025-12-08 06:30:00+00:00,751.0499877929688,751.7999877929688,751.0499877929688,751.7999877929688,1523.0
2025-12-08 06:45:00+00:00,751.4000244140625,751.4000244140625,751.0,751.0,7968.0
2025-12-08 07:00:00+00:00,751.9000244140625,751.9000244140625,745.2000122070312,750.9000244140625,28356.0
2025-12-08 07:15:00+00:00,750.9000244140625,751.0,748.3499755859375,748.5499877929688,6248.0
2025-12-08 07:30:00+00:00,748.4500122070312,749.9500122070312,748.2999877929688,749.0,3865.0
2025-12-08 07:45:00+00:00,749.0,749.0,742.0499877929688,742.3499755859375,40947.0
2025-12-08 08:00:00+00:00,742.0,750.1500244140625,738.4500122070312,747.7000122070312,46400.0
2025-12-08 08:15:00+00:00,747.0,750.7999877929688,746.2000122070312,746.9500122070312,10042.0
2025-12-08 08:30:00+00:00,746.9000244140625,749.0999755859375,743.9500122070312,747.2999877929688,16193.0
2025-12-08 08:45:00+00:00,746.1500244140625,751.25,745.0,749.5999755859375,21036.0
2025-12-08 09:00:00+00:00,749.5499877929688,750.7000122070312,742.5499877929688,746.8499755859375,9501.0
2025-12-08 09:15:00+00:00,746.9000244140625,747.0,741.7000122070312,743.7999877929688,9912.0
2025-12-08 09:30:00+00:00,743.4000244140625,745.25,740.7999877929688,741.4000244140625,9522.0
2025-12-08 09:45:00+00:00,741.3499755859375,741.5499877929688,739.5999755859375,741.2000122070312,10464.0
2025-12-09 03:45:00+00:00,735.5999755859375,741.0,734.0,734.0,26124.0
2025-12-09 04:00:00+00:00,734.0,734.0,728.0,728.2000122070312,33340.0
2025-12-09 04:15:00+00:00,727.75,728.4000244140625,719.5,720.6500244140625,12884.0
2025-12-09 04:30:00+00:00,720.6500244140625,727.4000244140625,719.5499877929688,724.7000122070312,7104.0
2025-12-09 04:45:00+00:00,724.7999877929688,733.0,724.0,731.0499877929688,7354.0
2025-12-09 05:00:00+00:00,730.2000122070312,732.9500122070312,730.0,730.0,2964.0
2025-12-09 05:15:00+00:00,730.0,734.9500122070312,730.0,734.9500122070312,10148.0
2025-12-09 05:30:00+00:00,735.0,735.9500122070312,732.5499877929688,734.7999877929688,17967.0
2025-12-09 05:45:00+00:00,734.7999877929688,738.7000122070312,732.8499755859375,737.4500122070312,14686.0
2025-12-09 06:00:00+00:00,736.8499755859375,737.9000244140625,735.5999755859375,735.5999755859375,2543.0
2025-12-09 06:15:00+00:00,735.0,737.9000244140625,735.0,737.2000122070312,3241.0
2025-12-09 06:30:00+00:00,737.5999755859375,742.0,736.25,742.0,7233.0
2025-12-09 06:45:00+00:00,742.0,743.4500122070312,740.0,742.0,8907.0
2025-12-09 07:00:00+00:00,742.3499755859375,743.4500122070312,740.0,743.4500122070312,6386.0
2025-12-09 07:15:00+00:00,743.7000122070312,744.5999755859375,740.5499877929688,741.1500244140625,4763.0
2025-12-09 07:30:00+00:00,741.0999755859375,742.9500122070312,740.5,742.25,3051.0
2025-12-09 07:45:00+00:00,741.4000244140625,742.4500122070312,740.0,742.4500122070312,4176.0
2025-12-09 08:00:00+00:00,742.25,743.3499755859375,741.5499877929688,743.1500244140625,2781.0
2025-12-09 08:15:00+00:00,743.0,743.5499877929688,741.6500244140625,742.3499755859375,1819.0
2025-12-09 08:30:00+00:00,742.2000122070312,743.1500244140625,741.0499877929688,741.4000244140625,3223.0
2025-12-09 08:45:00+00:00,741.0499877929688,741.5,740.0,740.6500244140625,2300.0
2025-12-09 09:00:00+00:00,741.2000122070312,744.9000244140625,741.2000122070312,744.5,13492.0
2025-12-09 09:15:00+00:00,744.5,750.4500122070312,743.5,749.6500244140625,12509.0
2025-12-09 09:30:00+00:00,750.2000122070312,751.9000244140625,750.0,750.75,5112.0
2025-12-09 09:45:00+00:00,750.7999877929688,753.2999877929688,739.8499755859375,747.5499877929688,20388.0
2025-12-10 03:45:00+00:00,742.0999755859375,747.0,737.5499877929688,740.7999877929688,6125.0
2025-12-10 04:00:00+00:00,740.7999877929688,742.1500244140625,739.5999755859375,740.8499755859375,5589.0
2025-12-10 04:15:00+00:00,741.1500244140625,745.5499877929688,739.7999877929688,740.0,6253.0
2025-12-10 04:30:00+00:00,740.0,742.3499755859375,739.0499877929688,741.3499755859375,2540.0
2025-12-10 04:45:00+00:00,741.9000244140625,741.9000244140625,740.1500244140625,740.5999755859375,718.0
2025-12-10 05:00:00+00:00,739.6500244140625,740.5999755859375,736.5,737.4500122070312,3742.0
2025-12-10 05:15:00+00:00,737.7000122070312,737.7000122070312,734.2000122070312,734.4000244140625,3088.0
2025-12-10 05:30:00+00:00,734.3499755859375,734.8499755859375,734.0,734.0,956.0
2025-12-10 05:45:00+00:00,734.0,734.8499755859375,733.5,734.5,3560.0
2025-12-10 06:00:00+00:00,733.5,734.9000244140625,733.0,734.25,803.0
2025-12-10 06:15:00+00:00,734.25,734.5499877929688,730.1500244140625,731.0,11870.0
2025-12-10 06:30:00+00:00,730.4500122070312,732.9500122070312,729.0,729.0999755859375,5611.0
2025-12-10 06:45:00+00:00,729.4500122070312,731.7999877929688,729.25,730.4500122070312,1008.0
2025-12-10 07:00:00+00:00,730.0,731.1500244140625,722.7999877929688,722.7999877929688,19872.0
2025-12-10 07:15:00+00:00,722.7999877929688,724.7999877929688,721.5499877929688,724.0999755859375,5148.0
2025-12-10 07:30:00+00:00,724.0999755859375,724.7000122070312,723.5,724.1500244140625,1475.0
2025-12-10 07:45:00+00:00,724.1500244140625,724.5,723.1500244140625,723.1500244140625,3449.0
2025-12-10 08:00:00+00:00,723.7999877929688,729.0,723.5,723.7000122070312,12282.0
2025-12-10 08:15:00+00:00,723.75,723.75,721.25,721.9500122070312,6506.0
2025-12-10 08:30:00+00:00,722.0,722.7000122070312,721.0499877929688,721.9500122070312,3116.0
2025-12-10 08:45:00+00:00,722.0,722.0,718.0,718.5999755859375,5125.0
2025-12-10 09:00:00+00:00,718.5999755859375,720.9500122070312,718.0499877929688,718.6500244140625,7179.0
2025-12-10 09:15:00+00:00,718.5999755859375,719.5999755859375,716.0,719.5999755859375,8244.0
2025-12-10 09:30:00+00:00,719.2999877929688,721.9500122070312,718.2000122070312,721.5499877929688,7401.0
2025-12-10 09:45:00+00:00,721.3499755859375,724.0,717.5,718.9500122070312,15684.0
2025-12-11 03:45:00+00:00,719.4500122070312,719.4500122070312,711.2000122070312,714.0499877929688,7584.0
2025-12-11 04:00:00+00:00,714.0999755859375,714.75,709.0,710.5,10105.0
2025-12-11 04:15:00+00:00,710.4500122070312,711.5,709.2000122070312,710.1500244140625,4784.0
2025-12-11 04:30:00+00:00,708.4500122070312,713.9500122070312,708.0499877929688,713.0499877929688,5921.0
2025-12-11 04:45:00+00:00,714.5,718.1500244140625,713.5,716.25,5403.0
2025-12-11 05:00:00+00:00,715.5999755859375,718.2000122070312,714.75,716.0,2057.0
2025-12-11 05:15:00+00:00,716.0,716.7999877929688,712.0,712.5,1866.0
2025-12-11 05:30:00+00:00,712.0,713.6500244140625,710.5499877929688,712.2999877929688,4758.0
2025-12-11 05:45:00+00:00,712.0,714.3499755859375,710.0,712.7999877929688,10733.0
2025-12-11 06:00:00+00:00,712.7999877929688,712.7999877929688,708.1500244140625,708.5999755859375,7668.0
2025-12-11 06:15:00+00:00,708.7000122070312,710.1500244140625,707.5,709.9500122070312,8338.0
2025-12-11 06:30:00+00:00,709.9500122070312,714.4000244140625,709.9500122070312,713.3499755859375,3524.0
2025-12-11 06:45:00+00:00,713.3499755859375,714.25,711.0,714.0,6289.0
2025-12-11 07:00:00+00:00,714.0,714.0,711.0999755859375,713.0499877929688,4028.0
2025-12-11 07:15:00+00:00,713.1500244140625,715.75,711.75,712.0,3190.0
2025-12-11 07:30:00+00:00,712.9000244140625,713.7999877929688,710.25,711.1500244140625,1989.0
2025-12-11 07:45:00+00:00,711.1500244140625,712.2999877929688,711.1500244140625,711.9500122070312,279.0
2025-12-11 08:00:00+00:00,711.75,712.7999877929688,711.3499755859375,712.0499877929688,914.0
2025-12-11 08:15:00+00:00,712.0,713.1500244140625,711.5499877929688,712.0,4341.0
2025-12-11 08:30:00+00:00,713.0499877929688,713.25,711.25,711.25,2756.0
2025-12-11 08:45:00+00:00,711.7999877929688,713.0,711.25,712.5999755859375,2707.0
2025-12-11 09:00:00+00:00,713.1500244140625,714.3499755859375,709.5499877929688,709.5499877929688,4777.0
2025-12-11 09:15:00+00:00,709.0999755859375,710.7999877929688,707.4000244140625,708.0999755859375,11592.0
2025-12-11 09:30:00+00:00,707.5,710.5499877929688,707.25,710.4000244140625,17090.0
2025-12-11 09:45:00+00:00,710.4000244140625,711.7000122070312,708.0,709.2000122070312,22454.0
2025-12-12 03:45:00+00:00,713.8499755859375,718.8499755859375,709.7999877929688,716.9500122070312,6680.0
2025-12-12 04:00:00+00:00,716.9000244140625,720.75,716.9000244140625,719.6500244140625,8559.0
2025-12-12 04:15:00+00:00,720.2999877929688,724.0,720.2000122070312,720.2000122070312,9805.0
2025-12-12 04:30:00+00:00,721.4500122070312,722.8499755859375,720.0,721.9000244140625,3542.0
2025-12-12 04:45:00+00:00,722.8499755859375,722.8499755859375,719.7999877929688,721.4000244140625,4169.0
2025-12-12 05:00:00+00:00,721.4000244140625,721.6500244140625,719.0,719.75,3542.0
2025-12-12 05:15:00+00:00,720.6500244140625,720.6500244140625,716.0,717.0,148564.0
2025-12-12 05:30:00+00:00,717.0,718.5499877929688,716.25,716.7999877929688,1473.0
2025-12-12 05:45:00+00:00,717.1500244140625,719.4000244140625,716.8499755859375,718.25,1064.0
2025-12-12 06:00:00+00:00,717.9500122070312,717.9500122070312,715.5,715.5,2441.0
2025-12-12 06:15:00+00:00,715.5,716.0,714.3499755859375,716.0,3375.0
2025-12-12 06:30:00+00:00,715.5,717.0,715.0,716.4000244140625,3352.0
2025-12-12 06:45:00+00:00,716.4500122070312,716.9000244140625,715.8499755859375,716.9000244140625,768.0
2025-12-12 07:00:00+00:00,716.5999755859375,717.0,716.0499877929688,716.7999877929688,652.0
2025-12-12 07:15:00+00:00,716.3499755859375,718.7000122070312,716.1500244140625,718.7000122070312,9834.0
2025-12-12 07:30:00+00:00,718.2999877929688,719.0,717.1500244140625,718.0499877929688,1954.0
2025-12-12 07:45:00+00:00,717.0499877929688,717.75,714.5,715.6500244140625,3100.0
2025-12-12 08:00:00+00:00,714.9500122070312,715.7999877929688,714.0,715.6500244140625,946.0
2025-12-12 08:15:00+00:00,715.9500122070312,716.6500244140625,715.0,716.6500244140625,1521.0
2025-12-12 08:30:00+00:00,716.6500244140625,717.5,715.8499755859375,717.5,532.0
2025-12-12 08:45:00+00:00,717.5,717.5,716.5,716.9000244140625,299.0
2025-12-12 09:00:00+00:00,716.9000244140625,718.5,715.5,716.4500122070312,3762.0
2025-12-12 09:15:00+00:00,717.0,717.0499877929688,714.3499755859375,716.9500122070312,3707.0
2025-12-12 09:30:00+00:00,716.7999877929688,718.0,716.25,716.5999755859375,7195.0
2025-12-12 09:45:00+00:00,717.25,719.7999877929688,716.25,717.4000244140625,18613.0
2025-12-15 03:45:00+00:00,719.5,723.0,717.1500244140625,719.0,8019.0
2025-12-15 04:00:00+00:00,719.0,719.0,715.6500244140625,718.8499755859375,8513.0
2025-12-15 04:15:00+00:00,719.0499877929688,727.4000244140625,716.8499755859375,720.3499755859375,28721.0
2025-12-15 04:30:00+00:00,720.0,721.2000122070312,717.2000122070312,719.0,14106.0
2025-12-15 04:45:00+00:00,719.5999755859375,720.1500244140625,719.0,719.4000244140625,2341.0
2025-12-15 05:00:00+00:00,719.4000244140625,722.4000244140625,719.0,719.0,4220.0
2025-12-15 05:15:00+00:00,719.4000244140625,721.6500244140625,718.5499877929688,718.5999755859375,14698.0
2025-12-15 05:30:00+00:00,718.0999755859375,719.7000122070312,717.0,717.5,2513.0
2025-12-15 05:45:00+00:00,717.0,717.9000244140625,716.4500122070312,717.0,1596.0
2025-12-15 06:00:00+00:00,717.4500122070312,717.6500244140625,715.0,717.0,3428.0
2025-12-15 06:15:00+00:00,717.2000122070312,717.2999877929688,715.5,715.7000122070312,1788.0
2025-12-15 06:30:00+00:00,716.1500244140625,717.2000122070312,716.1500244140625,717.2000122070312,345.0
2025-12-15 06:45:00+00:00,717.25,718.7999877929688,716.75,717.8499755859375,912.0
2025-12-15 07:00:00+00:00,717.5499877929688,718.0999755859375,713.6500244140625,714.7000122070312,2827.0
2025-12-15 07:15:00+00:00,714.9500122070312,715.0,713.4500122070312,713.9000244140625,3466.0
2025-12-15 07:30:00+00:00,713.7000122070312,716.0,713.0999755859375,715.75,3562.0
2025-12-15 07:45:00+00:00,715.3499755859375,716.7999877929688,713.5499877929688,716.7999877929688,3223.0
2025-12-15 08:00:00+00:00,716.5499877929688,717.0499877929688,715.8499755859375,717.0499877929688,2103.0
2025-12-15 08:15:00+00:00,717.0999755859375,717.4500122070312,716.0499877929688,716.0499877929688,865.0
2025-12-15 08:30:00+00:00,716.7000122070312,716.9500122070312,715.75,716.1500244140625,1008.0
2025-12-15 08:45:00+00:00,716.25,716.5,715.2000122070312,716.0,1827.0
2025-12-15 09:00:00+00:00,715.9500122070312,716.0999755859375,714.0999755859375,714.8499755859375,4162.0
2025-12-15 09:15:00+00:00,714.9500122070312,716.4500122070312,714.4500122070312,715.2999877929688,2981.0
2025-12-15 09:30:00+00:00,715.7000122070312,716.5,713.75,715.0,14045.0
2025-12-15 09:45:00+00:00,715.5,716.0,713.0,714.7999877929688,12468.0
2025-12-16 03:45:00+00:00,714.8499755859375,715.25,710.0,711.4000244140625,7004.0
2025-12-16 04:00:00+00:00,710.5999755859375,712.5499877929688,709.0,711.0,7716.0
2025-12-16 04:15:00+00:00,711.0,713.0,710.0,710.0499877929688,5283.0
2025-12-16 04:30:00+00:00,712.25,712.6500244140625,710.1500244140625,710.75,26996.0
2025-12-16 04:45:00+00:00,711.0,711.9500122070312,710.5999755859375,710.7999877929688,3414.0
2025-12-16 05:00:00+00:00,710.6500244140625,710.9500122070312,710.0,710.3499755859375,2871.0
2025-12-16 05:15:00+00:00,710.3499755859375,710.3499755859375,710.0,710.0,702.0
2025-12-16 05:30:00+00:00,710.0,710.2000122070312,709.5,709.5,924.0
2025-12-16 05:45:00+00:00,709.75,710.0,709.0,709.7000122070312,2422.0
2025-12-16 06:00:00+00:00,709.0,709.0999755859375,708.0,708.0,2962.0
2025-12-16 06:15:00+00:00,708.2999877929688,708.2999877929688,707.0,707.0499877929688,2395.0
2025-12-16 06:30:00+00:00,707.75,708.1500244140625,706.4000244140625,708.0,2009.0
2025-12-16 06:45:00+00:00,708.0,710.2000122070312,708.0,709.75,2142.0
2025-12-16 07:00:00+00:00,709.6500244140625,709.6500244140625,708.0499877929688,708.4500122070312,1471.0
2025-12-16 07:15:00+00:00,708.8499755859375,708.8499755859375,708.0,708.25,935.0
2025-12-16 07:30:00+00:00,707.75,708.7999877929688,707.5499877929688,708.3499755859375,2985.0
2025-12-16 07:45:00+00:00,708.3499755859375,708.5,708.0,708.25,661.0
2025-12-16 08:00:00+00:00,708.0,708.5499877929688,707.5,708.4500122070312,992.0
2025-12-16 08:15:00+00:00,708.5,709.4500122070312,707.9000244140625,708.2000122070312,3143.0
2025-12-16 08:30:00+00:00,708.2000122070312,708.7000122070312,707.5499877929688,708.0999755859375,1014.0
2025-12-16 08:45:00+00:00,708.0,708.2000122070312,707.0499877929688,708.0,2172.0
2025-12-16 09:00:00+00:00,708.0,708.0,707.0,707.4000244140625,885.0
2025-12-16 09:15:00+00:00,707.4000244140625,707.6500244140625,706.5,707.5999755859375,5391.0
2025-12-16 09:30:00+00:00,707.6500244140625,708.9000244140625,707.0999755859375,707.5999755859375,5756.0
2025-12-16 09:45:00+00:00,707.9000244140625,711.0,707.9000244140625,711.0,10723.0
2025-12-17 03:45:00+00:00,708.0499877929688,715.9500122070312,707.0,715.5499877929688,12155.0
2025-12-17 04:00:00+00:00,715.1500244140625,716.3499755859375,711.1500244140625,711.5999755859375,5627.0
2025-12-17 04:15:00+00:00,712.2000122070312,712.7000122070312,710.3499755859375,711.0,3524.0
2025-12-17 04:30:00+00:00,711.3499755859375,711.7999877929688,709.0,710.4500122070312,2331.0
2025-12-17 04:45:00+00:00,710.4000244140625,711.1500244140625,703.0,703.4500122070312,6124.0
2025-12-17 05:00:00+00:00,703.5,704.0999755859375,700.0,701.0,10929.0
2025-12-17 05:15:00+00:00,700.5,700.7999877929688,699.0499877929688,699.4000244140625,3118.0
2025-12-17 05:30:00+00:00,699.5499877929688,700.2000122070312,698.2000122070312,700.0499877929688,1299.0
2025-12-17 05:45:00+00:00,700.5499877929688,700.9500122070312,699.0999755859375,700.5999755859375,1181.0
2025-12-17 06:00:00+00:00,700.4000244140625,701.4500122070312,700.2999877929688,701.4500122070312,1593.0
2025-12-17 06:15:00+00:00,700.9000244140625,704.0,700.75,702.7000122070312,7136.0
2025-12-17 06:30:00+00:00,702.7000122070312,702.7999877929688,700.3499755859375,700.3499755859375,706.0
2025-12-17 06:45:00+00:00,700.3499755859375,701.5,698.9000244140625,699.1500244140625,2287.0
2025-12-17 07:00:00+00:00,698.75,699.5,697.5999755859375,698.9000244140625,4263.0
2025-12-17 07:15:00+00:00,698.75,699.0,697.0,698.0499877929688,2765.0
2025-12-17 07:30:00+00:00,698.0499877929688,698.6500244140625,697.0499877929688,698.0499877929688,2931.0
2025-12-17 07:45:00+00:00,698.0499877929688,699.5,697.2999877929688,698.0,1578.0
2025-12-17 08:00:00+00:00,698.5999755859375,698.5999755859375,693.2000122070312,694.25,9089.0
2025-12-17 08:15:00+00:00,694.7000122070312,695.9500122070312,693.2999877929688,693.3499755859375,10428.0
2025-12-17 08:30:00+00:00,693.75,694.75,691.9500122070312,692.1500244140625,12700.0
2025-12-17 08:45:00+00:00,692.7999877929688,694.4000244140625,691.6500244140625,693.5,2644.0
2025-12-17 09:00:00+00:00,693.0999755859375,693.75,691.0,691.9000244140625,2759.0
2025-12-17 09:15:00+00:00,691.9000244140625,693.5,691.0499877929688,692.0,5992.0
2025-12-17 09:30:00+00:00,692.0,692.8499755859375,690.0499877929688,691.5,12010.0
2025-12-17 09:45:00+00:00,691.4000244140625,697.5999755859375,689.6500244140625,691.4000244140625,14220.0
2025-12-18 03:45:00+00:00,700.5999755859375,710.0999755859375,700.5999755859375,705.7999877929688,21986.0
2025-12-18 04:00:00+00:00,706.0999755859375,710.3499755859375,695.0,695.0,34607.0
2025-12-18 04:15:00+00:00,695.0,695.0,691.0,693.25,10270.0
2025-12-18 04:30:00+00:00,693.25,694.6500244140625,691.7999877929688,693.75,7918.0
2025-12-18 04:45:00+00:00,693.0499877929688,695.0,691.7999877929688,691.7999877929688,4069.0
2025-12-18 05:00:00+00:00,692.0499877929688,692.0499877929688,688.4000244140625,691.0,12516.0
2025-12-18 05:15:00+00:00,691.0,695.5999755859375,690.7999877929688,693.1500244140625,8725.0
2025-12-18 05:30:00+00:00,694.2000122070312,695.4000244140625,690.1500244140625,690.5499877929688,4547.0
2025-12-18 05:45:00+00:00,690.7999877929688,691.4000244140625,690.0499877929688,691.0499877929688,1529.0
2025-12-18 06:00:00+00:00,691.0999755859375,692.9500122070312,690.1500244140625,691.8499755859375,1707.0
2025-12-18 06:15:00+00:00,691.8499755859375,693.8499755859375,690.9000244140625,693.5,2754.0
2025-12-18 06:30:00+00:00,692.5499877929688,697.5,692.1500244140625,696.25,8737.0
2025-12-18 06:45:00+00:00,696.2000122070312,698.9500122070312,696.2000122070312,698.9500122070312,3147.0
2025-12-18 07:00:00+00:00,698.6500244140625,699.25,697.4000244140625,698.1500244140625,4341.0
2025-12-18 07:15:00+00:00,698.5499877929688,698.5999755859375,696.75,696.9500122070312,2505.0
2025-12-18 07:30:00+00:00,696.8499755859375,697.4500122070312,696.4000244140625,696.9500122070312,1015.0
2025-12-18 07:45:00+00:00,697.0999755859375,698.0999755859375,696.9000244140625,697.4500122070312,1335.0
2025-12-18 08:00:00+00:00,697.4500122070312,697.4500122070312,696.0999755859375,697.4000244140625,1095.0
2025-12-18 08:15:00+00:00,696.7000122070312,697.5,696.5,697.0,1414.0
2025-12-18 08:30:00+00:00,697.0,699.9000244140625,696.0999755859375,699.25,5566.0
2025-12-18 08:45:00+00:00,699.25,699.25,698.0,698.5499877929688,4770.0
2025-12-18 09:00:00+00:00,698.5499877929688,700.2999877929688,698.0,698.7999877929688,5105.0
2025-12-18 09:15:00+00:00,698.7999877929688,701.0,698.25,700.9000244140625,6215.0
2025-12-18 09:30:00+00:00,700.9000244140625,701.7999877929688,699.9500122070312,700.4500122070312,6213.0
2025-12-18 09:45:00+00:00,700.75,700.75,697.25,699.75,11865.0
2025-12-19 03:45:00+00:00,701.9000244140625,711.75,701.9000244140625,710.75,4451.0
2025-12-19 04:00:00+00:00,710.8499755859375,712.7000122070312,707.8499755859375,707.8499755859375,5413.0
2025-12-19 04:15:00+00:00,708.1500244140625,709.2999877929688,706.8499755859375,707.0,5170.0
2025-12-19 04:30:00+00:00,707.0499877929688,711.0,707.0499877929688,710.1500244140625,6060.0
2025-12-19 04:45:00+00:00,709.5499877929688,715.2000122070312,709.5499877929688,715.2000122070312,12111.0
2025-12-19 05:00:00+00:00,714.4000244140625,715.0,710.7999877929688,711.25,2519.0
2025-12-19 05:15:00+00:00,713.4500122070312,713.4500122070312,710.5499877929688,710.5999755859375,2527.0
2025-12-19 05:30:00+00:00,710.5999755859375,712.2999877929688,709.2000122070312,710.0,3348.0
2025-12-19 05:45:00+00:00,710.6500244140625,710.6500244140625,709.1500244140625,709.7000122070312,1084.0
2025-12-19 06:00:00+00:00,708.8499755859375,709.6500244140625,705.9500122070312,707.4500122070312,12483.0
2025-12-19 06:15:00+00:00,708.0499877929688,710.0,708.0499877929688,708.7999877929688,13775.0
2025-12-19 06:30:00+00:00,709.3499755859375,709.9000244140625,708.5499877929688,709.3499755859375,2227.0
2025-12-19 06:45:00+00:00,708.8499755859375,714.0,708.7999877929688,713.2999877929688,22884.0
2025-12-19 07:00:00+00:00,713.25,717.9000244140625,713.0499877929688,716.4000244140625,7841.0
2025-12-19 07:15:00+00:00,716.4000244140625,716.4000244140625,715.0499877929688,715.7999877929688,1773.0
2025-12-19 07:30:00+00:00,715.4000244140625,715.8499755859375,714.0999755859375,714.0999755859375,4054.0
2025-12-19 07:45:00+00:00,714.0499877929688,716.8499755859375,713.0499877929688,716.0,4490.0
2025-12-19 08:00:00+00:00,716.0499877929688,718.0,716.0499877929688,716.5999755859375,2285.0
2025-12-19 08:15:00+00:00,717.0,718.0,716.5,717.9000244140625,2314.0
2025-12-19 08:30:00+00:00,717.4000244140625,717.9000244140625,716.4500122070312,717.4000244140625,3066.0
2025-12-19 08:45:00+00:00,717.4000244140625,718.5,717.4000244140625,717.4500122070312,2285.0
2025-12-19 09:00:00+00:00,717.4500122070312,721.9500122070312,717.2999877929688,718.9000244140625,15376.0
2025-12-19 09:15:00+00:00,719.2999877929688,720.7000122070312,718.0,719.5,8173.0
2025-12-19 09:30:00+00:00,719.9500122070312,725.7999877929688,719.9500122070312,722.5499877929688,30754.0
2025-12-19 09:45:00+00:00,722.6500244140625,735.0,720.4500122070312,735.0,76298.0
2025-12-22 03:45:00+00:00,735.9500122070312,759.7999877929688,734.7000122070312,752.1500244140625,59993.0
2025-12-22 04:00:00+00:00,752.1500244140625,754.0,746.0,748.3499755859375,39561.0
2025-12-22 04:15:00+00:00,750.0499877929688,756.0999755859375,750.0499877929688,753.5,28517.0
2025-12-22 04:30:00+00:00,753.5,754.0,749.75,751.8499755859375,11469.0
2025-12-22 04:45:00+00:00,752.5499877929688,752.5499877929688,750.2999877929688,750.2999877929688,4748.0
2025-12-22 05:00:00+00:00,750.2999877929688,750.8499755859375,748.0,748.1500244140625,6890.0
2025-12-22 05:15:00+00:00,748.0,748.6500244140625,746.6500244140625,748.0499877929688,7293.0
2025-12-22 05:30:00+00:00,748.1500244140625,749.5,744.0,744.7999877929688,5108.0
2025-12-22 05:45:00+00:00,745.25,753.0499877929688,744.1500244140625,749.0,22251.0
2025-12-22 06:00:00+00:00,749.25,752.1500244140625,748.0,749.2999877929688,27198.0
2025-12-22 06:15:00+00:00,749.5499877929688,750.0,746.5,747.25,6145.0
2025-12-22 06:30:00+00:00,746.5,747.25,744.5499877929688,745.2000122070312,6379.0
2025-12-22 06:45:00+00:00,745.0,745.8499755859375,744.4500122070312,745.8499755859375,5552.0
2025-12-22 07:00:00+00:00,745.1500244140625,746.0,744.4000244140625,745.4500122070312,4946.0
2025-12-22 07:15:00+00:00,745.4000244140625,746.0999755859375,738.0,738.0,13010.0
2025-12-22 07:30:00+00:00,738.0499877929688,739.75,737.0,738.0,6019.0
2025-12-22 07:45:00+00:00,737.2000122070312,743.0,737.2000122070312,742.5,4743.0
2025-12-22 08:00:00+00:00,742.5,745.4000244140625,741.7000122070312,745.2999877929688,3269.0
2025-12-22 08:15:00+00:00,744.5499877929688,745.75,743.9500122070312,744.9000244140625,3063.0
2025-12-22 08:30:00+00:00,744.5,747.7000122070312,744.2999877929688,746.4500122070312,7106.0
2025-12-22 08:45:00+00:00,746.2999877929688,748.5499877929688,746.0499877929688,747.0499877929688,1837.0
2025-12-22 09:00:00+00:00,747.0,747.7000122070312,745.8499755859375,745.8499755859375,3105.0
2025-12-22 09:15:00+00:00,745.8499755859375,746.9000244140625,743.0499877929688,743.2000122070312,22773.0
2025-12-22 09:30:00+00:00,743.5499877929688,744.9000244140625,741.75,743.2000122070312,13665.0
2025-12-22 09:45:00+00:00,742.7999877929688,744.0,740.2000122070312,742.4000244140625,15555.0
2025-12-23 03:45:00+00:00,744.1500244140625,746.1500244140625,735.8499755859375,736.0999755859375,4520.0
2025-12-23 04:00:00+00:00,736.9000244140625,738.4000244140625,735.0,736.0,7036.0
2025-12-23 04:15:00+00:00,734.4000244140625,739.75,733.7000122070312,739.3499755859375,2534.0
2025-12-23 04:30:00+00:00,739.0499877929688,740.75,738.1500244140625,739.9500122070312,3658.0
2025-12-23 04:45:00+00:00,739.9500122070312,741.2999877929688,738.6500244140625,739.4500122070312,3271.0
2025-12-23 05:00:00+00:00,739.2999877929688,740.9500122070312,738.2000122070312,739.7000122070312,1778.0
2025-12-23 05:15:00+00:00,739.6500244140625,741.5999755859375,737.75,737.75,5476.0
2025-12-23 05:30:00+00:00,737.5,737.9000244140625,736.2999877929688,736.5999755859375,894.0
2025-12-23 05:45:00+00:00,736.5999755859375,738.1500244140625,733.5,737.9500122070312,15115.0
2025-12-23 06:00:00+00:00,737.9500122070312,738.25,736.0999755859375,737.9500122070312,4132.0
2025-12-23 06:15:00+00:00,738.6500244140625,740.5,738.1500244140625,738.7999877929688,1926.0
2025-12-23 06:30:00+00:00,739.5999755859375,740.75,738.6500244140625,739.0,2181.0
2025-12-23 06:45:00+00:00,739.4000244140625,742.5,739.0499877929688,741.2000122070312,3279.0
2025-12-23 07:00:00+00:00,741.25,741.8499755859375,739.2999877929688,740.4500122070312,2956.0
2025-12-23 07:15:00+00:00,740.9000244140625,743.0499877929688,740.9000244140625,742.0,2025.0
2025-12-23 07:30:00+00:00,742.0,743.7000122070312,741.5,741.5499877929688,3154.0
2025-12-23 07:45:00+00:00,741.0999755859375,741.25,738.6500244140625,738.6500244140625,1942.0
2025-12-23 08:00:00+00:00,738.6500244140625,738.9000244140625,734.75,734.75,8444.0
2025-12-23 08:15:00+00:00,735.4000244140625,740.2000122070312,734.5499877929688,739.5999755859375,10319.0
2025-12-23 08:30:00+00:00,738.9000244140625,739.7999877929688,738.2999877929688,739.0499877929688,1109.0
2025-12-23 08:45:00+00:00,738.75,739.5,738.2000122070312,738.2000122070312,1296.0
2025-12-23 09:00:00+00:00,738.9500122070312,742.0,738.2000122070312,740.7000122070312,7679.0
2025-12-23 09:15:00+00:00,741.0999755859375,748.0,740.4500122070312,742.0,13734.0
2025-12-23 09:30:00+00:00,742.8499755859375,747.4000244140625,742.7000122070312,746.0,10264.0
2025-12-23 09:45:00+00:00,746.0,747.9000244140625,744.0,744.9500122070312,9009.0
2025-12-24 03:45:00+00:00,743.0499877929688,751.9000244140625,741.8499755859375,750.9000244140625,11038.0
2025-12-24 04:00:00+00:00,751.0,756.0,746.2000122070312,756.0,17380.0
2025-12-24 04:15:00+00:00,755.9000244140625,757.6500244140625,752.75,753.4000244140625,30219.0
2025-12-24 04:30:00+00:00,753.4000244140625,754.4500122070312,751.0999755859375,751.5,4626.0
2025-12-24 04:45:00+00:00,751.0999755859375,754.75,751.0,754.2000122070312,2990.0
2025-12-24 05:00:00+00:00,753.0499877929688,753.0499877929688,751.3499755859375,751.6500244140625,1871.0
2025-12-24 05:15:00+00:00,751.6500244140625,753.5999755859375,751.4000244140625,751.9000244140625,3603.0
2025-12-24 05:30:00+00:00,751.9000244140625,752.0499877929688,750.1500244140625,751.0499877929688,2516.0
2025-12-24 05:45:00+00:00,750.6500244140625,750.6500244140625,748.0,748.0999755859375,2572.0
2025-12-24 06:00:00+00:00,748.2000122070312,749.6500244140625,748.0,748.0,1262.0
2025-12-24 06:15:00+00:00,747.6500244140625,747.6500244140625,746.0,746.5499877929688,1132.0
2025-12-24 06:30:00+00:00,746.5,747.9500122070312,746.0499877929688,747.3499755859375,1474.0
2025-12-24 06:45:00+00:00,747.2999877929688,748.0,746.0999755859375,746.9500122070312,984.0
2025-12-24 07:00:00+00:00,746.9000244140625,746.9000244140625,745.0,745.5499877929688,890.0
2025-12-24 07:15:00+00:00,744.75,745.0,744.0,744.0999755859375,501.0
2025-12-24 07:30:00+00:00,744.4500122070312,745.2000122070312,743.3499755859375,743.6500244140625,2336.0
2025-12-24 07:45:00+00:00,743.5,744.0999755859375,743.0,743.0,5613.0
2025-12-24 08:00:00+00:00,742.2999877929688,742.9500122070312,741.6500244140625,742.9500122070312,2199.0
2025-12-24 08:15:00+00:00,742.6500244140625,744.0,742.3499755859375,743.0999755859375,3414.0
2025-12-24 08:30:00+00:00,743.7999877929688,743.9000244140625,741.9000244140625,742.0999755859375,2728.0
2025-12-24 08:45:00+00:00,742.5499877929688,744.2000122070312,742.5499877929688,744.1500244140625,1297.0
2025-12-24 09:00:00+00:00,743.9500122070312,743.9500122070312,741.9500122070312,741.9500122070312,1645.0
2025-12-24 09:15:00+00:00,741.2999877929688,742.4000244140625,741.0499877929688,742.0,426.0
